{"message_ids": {"om_x100b6d14ef2e8ca4b269ba6884d1312": 1780615710.959622, "om_x100b6d14987438a0b3454e337d22656": 1780616556.5137925, "om_x100b6d1491c1d4a8b2673dc42c3f74f": 1780616689.5116532, "om_x100b6d1e8e4a94acb0386da38e7729d": 1780657161.2966626, "om_x100b6d1eaa5664a0c1d1060c21fda0e": 1780657738.4667125, "om_x100b6d1f285fe0a8c3793f0bb08dd55": 1780659817.8971903, "om_x100b6d1f355090a0c1d7786baf0ed27": 1780660154.6385257, "om_x100b6d1f300d7cb8c37ddc48ee23f14": 1780660204.7463152, "om_x100b6d1fccb558a0c0a7c1ff40eab96": 1780660264.3132012, "om_x100b6d1fcdc8a4a0c1936ec0e294a39": 1780660273.0328279, "om_x100b6d1fc858c4a0c2b6844575fab30": 1780660330.1369798, "om_x100b6d1fc58bfcacc1d9e7df928e143": 1780660405.1332033, "om_x100b6d1fc71c2ca0c372eda65756435": 1780660697.4403179, "om_x100b6d1fd00af4bcc1e0bdf96a8f2db": 1780660717.200208, "om_x100b6d1ff11a9cacc36bdb4cf3d8a3b": 1780661246.3118937, "om_x100b6d1f8fc00cacc054674054b30b0": 1780661265.610583, "om_x100b6d1f8a99e8acc0aaaf4b2691f21": 1780661318.0290558, "om_x100b6d1861b044a8c1d2bc111b2e310": 1780663032.6299732, "om_x100b6d18e7ccc0b0c02baee4ee7e7b5": 1780664976.8313282, "om_x100b6d18e59f60a8c29be9927eb286e": 1780665013.9608378, "om_x100b6d18e0b7c4a0c1939272d776cba": 1780665064.5152612, "om_x100b6d00bf1014a0c35ffe43976c103": 1780698910.6205983, "om_x100b6d00bdc440a0c2314f532b928de": 1780698929.478797, "om_x100b6d01c79bb0a0b278dda5259dcda": 1780701334.129109, "om_x100b6d01c460cca4b3ef675262c2ab3": 1780701355.5401044, "om_x100b6d01c33c28a0b2ebfa8109a1bc0": 1780701407.849249, "om_x100b6d01e9adb4a0b4c31ebf6191d84": 1780701814.7164862, "om_x100b6d01f4c9a4a0b12ad341404c598": 1780702112.9393659, "om_x100b6d01f1a8bca0b2680e27e5b97c8": 1780702199.1103737, "om_x100b6d7e9b8648a8c23a5c158e43768": 1780788565.519864, "om_x100b6d628afefca8c3cb3b4f8aab0ad": 1780837443.9733148, "om_x100b6d6281f45d30c10a84b5ec411c1": 1780837620.3455892, "om_x100b6d62935c84a0c4ec61c1c1e46dd": 1780837849.7160182, "om_x100b6d634896c8a8c3771ddf5f289c6": 1780838502.4336524, "om_x100b6d63128cd0a4c0053babda727d0": 1780839876.717324, "om_x100b6d6bbb9080acc370e1c2c8fb988": 1780875094.776526, "om_x100b6d5446e8a0a0b4c74c5707694ed": 1780875395.197065, "om_x100b6d5447fc6ca0b3dfac06dfec4f8": 1780875411.9512675, "om_x100b6d544182e4a0b488e72e926239e": 1780875509.885397, "om_x100b6d566ab1bc80c2d1c5beca2519e": 1780884040.8461528, "om_x100b6d5664afa0a0c02f39380f87daf": 1780884135.013956, "om_x100b6d560f2320a4c14ad4da12450b1": 1780884512.0294137, "om_x100b6d560b182494c1bb3d076b047fd": 1780884574.443788, "om_x100b6d56fff1d4b8c016ee753a9b1a4": 1780886292.766788, "om_x100b6d56f87ee0bcc4521e3196f27c8": 1780886380.4545066, "om_x100b6d56f321fd00c44878757c9c2c7": 1780886495.6833403, "om_x100b6d5685ea4c94c1e4d8c1b77d1b7": 1780886707.4952207, "om_x100b6d569fad4c84c007fc90e574aea": 1780886807.1153464, "om_x100b6d56a65bb4a8c441b92f5e0f253": 1780887178.3323772, "om_x100b6d575529cca4c293162fb95d5e1": 1780887999.2347438, "om_x100b6d5751d98c80c2d573614b99ad3": 1780888050.3276901, "om_x100b6d57005c6484b18ab2d82635dba": 1780888810.2166827, "om_x100b6d5701f5fcb8b1445b1d3642c7f": 1780888820.4064775, "om_x100b6d57011634a0b1e8e7efbfbea78": 1780888830.7677898, "om_x100b6d504d7670acc35ba17232313ea": 1780891708.5688126}}