{"message_ids": {"om_x100b6d628afefca8c3cb3b4f8aab0ad": 1780837443.9733148, "om_x100b6d6281f45d30c10a84b5ec411c1": 1780837620.3455892, "om_x100b6d62935c84a0c4ec61c1c1e46dd": 1780837849.7160182, "om_x100b6d634896c8a8c3771ddf5f289c6": 1780838502.4336524, "om_x100b6d63128cd0a4c0053babda727d0": 1780839876.717324, "om_x100b6d6bbb9080acc370e1c2c8fb988": 1780875094.776526, "om_x100b6d5446e8a0a0b4c74c5707694ed": 1780875395.197065, "om_x100b6d5447fc6ca0b3dfac06dfec4f8": 1780875411.9512675, "om_x100b6d544182e4a0b488e72e926239e": 1780875509.885397, "om_x100b6d566ab1bc80c2d1c5beca2519e": 1780884040.8461528, "om_x100b6d5664afa0a0c02f39380f87daf": 1780884135.013956, "om_x100b6d560f2320a4c14ad4da12450b1": 1780884512.0294137, "om_x100b6d560b182494c1bb3d076b047fd": 1780884574.443788, "om_x100b6d56fff1d4b8c016ee753a9b1a4": 1780886292.766788, "om_x100b6d56f87ee0bcc4521e3196f27c8": 1780886380.4545066, "om_x100b6d56f321fd00c44878757c9c2c7": 1780886495.6833403, "om_x100b6d5685ea4c94c1e4d8c1b77d1b7": 1780886707.4952207, "om_x100b6d569fad4c84c007fc90e574aea": 1780886807.1153464, "om_x100b6d56a65bb4a8c441b92f5e0f253": 1780887178.3323772, "om_x100b6d575529cca4c293162fb95d5e1": 1780887999.2347438, "om_x100b6d5751d98c80c2d573614b99ad3": 1780888050.3276901, "om_x100b6d57005c6484b18ab2d82635dba": 1780888810.2166827, "om_x100b6d5701f5fcb8b1445b1d3642c7f": 1780888820.4064775, "om_x100b6d57011634a0b1e8e7efbfbea78": 1780888830.7677898, "om_x100b6d504d7670acc35ba17232313ea": 1780891708.5688126, "om_x100b6d51c628f0b0c03edc52448aa74": 1780897935.2288141, "om_x100b6d51c2fd1cb4c37fba8711b450a": 1780897987.9881086, "om_x100b6d51db1b90a8c42632c6951963c": 1780898142.3167493, "om_x100b6d521621348cc18a78631420b83": 1780901263.8686323, "om_x100b6d521774c880c1e1b9605ffa286": 1780901276.4162307, "om_x100b6d5234515ca8c1961b9ad5a4034": 1780901802.8349652, "om_x100b6d52db77e4b0c4f3b49a15ffcae": 1780902236.6721067, "om_x100b6d52d3041c80c1dcb8a9c929a5d": 1780902365.653744, "om_x100b6d52a30c857cc001a3c767cfebd": 1780903645.2337368, "om_x100b6d52b8858890b17ae63eeb1028c": 1780903781.6275673, "om_x100b6d5300ee0484c3be176f7e0771c": 1780905187.1862814, "om_x100b6d53140d50b4c149b8a3f1a6e89": 1780905389.0062544, "om_x100b6d53e354b494c3f48ca9895fcb3": 1780906714.7101924, "om_x100b6d538a755be0c104d9ea67c3788": 1780907084.4995146, "om_x100b6d5c69294cb0c0598d520587eb1": 1780908671.3248734, "om_x100b6d5cc0cb6cb4b1c6c8d69fcdcc0": 1780910305.6756766, "om_x100b6d5ca5f618a4b3c1aba347d57fc": 1780911796.7079165, "om_x100b6d5d0bd0ecbcb0226f90745a6d5": 1780913234.727383, "om_x100b6d5d816a4ca8c4cdf1f512f1939": 1780915451.2562466, "om_x100b6d5e484084b0c036f6c8e48c157": 1780916329.6046364, "om_x100b6d5e45a43080c29e85291d97dd0": 1780916407.6096482, "om_x100b6d5e55dda0a4c355d862bf5ee9d": 1780916657.8797622, "om_x100b6d5e50078088c1ea7c1df6ae8a8": 1780916718.071892, "om_x100b6d5e1c4b2ca0c4fcb54102080e0": 1780917545.258603, "om_x100b6d5e1dffccacc310f298e1ffe23": 1780917555.890928, "om_x100b6d5f7a7490a0c1e94e5c1a10aaa": 1780921164.283126, "om_x100b6d5f39f8e8a4c2441d80e6f8a66": 1780922228.1493022, "om_x100b6d5fdd3f78acc24e9396f8fe2b7": 1780922687.8844745, "om_x100b6d5f9e5db0a0c2d54d3ce1dc1a9": 1780923657.8237197, "om_x100b6d588447613cc435ac91ae4f2cd": 1780927657.5658996, "om_x100b6d58a4c2ccb0c1eea3b15cdaf99": 1780928161.7420163, "om_x100b6d58a3db88b4c1882302d041763": 1780928210.1295714, "om_x100b6d598abe78a4c1948f9013758ce": 1780931655.9074752, "om_x100b6d5a0a9caca0c1b8622ea05ef49": 1780933701.8193903, "om_x100b6d5ac1a544a4c429c22b0a8a8a6": 1780934903.1547987, "om_x100b6d4009e004a4c1bec5d68518821": 1780958323.4640663, "om_x100b6d40bcdca4a0b021b1246fc7912": 1780961057.813698, "om_x100b6d40b9a0a4a8b4b44bc684cc224": 1780961143.524508, "om_x100b6d41768bf8a0b4b774b756c6dbc": 1780962181.1775043, "om_x100b6d41725e20a0b30fb937030d7bf": 1780962249.9145916, "om_x100b6d410f2288a8b2c71ae97229bbe": 1780962335.616662, "om_x100b6d41051e9ca4b287d238be10663": 1780962494.023021, "om_x100b6d41199f34a8c03b8afb65868bb": 1780962677.9084153, "om_x100b6d412c2110a8b1eee2f8976fb0a": 1780962863.536367, "om_x100b6d41d3ef84a4c019a6c28c52cf3": 1780963795.0746992, "om_x100b6d41f35830a0c24abb615f1ec89": 1780964314.2697418, "om_x100b6d425dd46ca8b205e68a04a40fc": 1780965682.4435165, "om_x100b6d42ed46e084b1784c5fcae7f7f": 1780967993.5665667, "om_x100b6d4290a15c9cb01e1d58bc958fc": 1780968935.8012815, "om_x100b6d43fa945c98b13b367fd80f94e": 1780972358.655364, "om_x100b6d4c80df64a4b038752d6b0674f": 1780976866.1483977, "om_x100b6d4d15514ca4c05145be20ce246": 1780979130.6568244, "om_x100b6d4d3f4764b4c3b50848d95dad3": 1780979481.5236914, "om_x100b6d49dc996c8cc18144fc9099e09": 1780996390.278063}}