{
  "feishu:ga2e5gb4": 1780149060.1837673,
  "feishu:ou_93821698643e56f8c4bf6303b4232715": 1779887229.5418835
}